,comments,image,likes,link,post_id,post_text,post_url,shared_text,shares,text,time,video,video_thumbnail
0,0.0,,14.0,https://www.expectmorearizona.org/excellence-tour/stories/robotics-at-mogollon-high-school-creates-excitement-for-stem-learning/,1798818327113905,Way to go Jaegers!,https://facebook.com/story.php?story_fbid=1798818327113905&id=1484122521916822,"EXPECTMOREARIZONA.ORG
Robotics at Mogollon High School Creates Excitement for STEM Learning | Expect More Arizona

Jaegers Robotics FTC Team 8995
May 15, 2017 at 9:39 PM ·

How exciting that we are being recognized!",0.0,"Way to go Jaegers!

EXPECTMOREARIZONA.ORG
Robotics at Mogollon High School Creates Excitement for STEM Learning | Expect More Arizona

Jaegers Robotics FTC Team 8995
May 15, 2017 at 9:39 PM ·

How exciting that we are being recognized!",2017-05-16 00:14:17,,
1,0.0,,0.0,https://www.expectmorearizona.org/excellence-tour/stories/robotics-at-mogollon-high-school-creates-excitement-for-stem-learning/,,,https://facebook.com/story.php?story_fbid=1436432163076257&id=821037284615751,"Jaegers Robotics FTC Team 8995
May 15, 2017 at 9:39 PM ·

How exciting that we are being recognized!",0.0,"Jaegers Robotics FTC Team 8995
May 15, 2017 at 9:39 PM ·

How exciting that we are being recognized!",2020-09-12 00:39:01.459480,,
2,0.0,,1.0,,1798627637132974,"Week of May 15-20

Mon 15- Spring Sports Award - 6:00 pm

Tue 16- Academic Awards Banquet @ Capps - 6:00 pm

Wed 17- Yearbook Signing Day 7th hour
Senior Finals

Thur 18- Grad March 12:00 pm
Band Concert @ PAC - 7:00 pm
Football meeting for 8, 9, 10, & 11th grade boys in weight room @ 11:30 am. Lunch will be provided

Fri 19- Tutoring 8:00-10:00 am",https://facebook.com/story.php?story_fbid=1798627637132974&id=1484122521916822,,0.0,"Week of May 15-20

Mon 15- Spring Sports Award - 6:00 pm

Tue 16- Academic Awards Banquet @ Capps - 6:00 pm

Wed 17- Yearbook Signing Day 7th hour
Senior Finals

Thur 18- Grad March 12:00 pm
Band Concert @ PAC - 7:00 pm
Football meeting for 8, 9, 10, & 11th grade boys in weight room @ 11:30 am. Lunch will be provided

Fri 19- Tutoring 8:00-10:00 am",2017-05-15 13:26:08,,
3,0.0,,0.0,,1794992594163145,"Week of May 8-12

Tue 9- Culinary Cook Off
Wed 10- Student Council @ Diamond Backs Game
Thur 11- Choir Concert @ Capps PAC 7:00pm
Frid 12- Skill Field Trip @ Castles and Coasters

*Students, Lynn Johnson & crew will be putting on a speed training camp for students 7th - 11th grade on Friday, May 19th at 1:30pm. If you want to improve your agility, coordination, & speed, please sign up in the office.",https://facebook.com/story.php?story_fbid=1794992594163145&id=1484122521916822,,0.0,"Week of May 8-12

Tue 9- Culinary Cook Off
Wed 10- Student Council @ Diamond Backs Game
Thur 11- Choir Concert @ Capps PAC 7:00pm
Frid 12- Skill Field Trip @ Castles and Coasters

*Students, Lynn Johnson & crew will be putting on a speed training camp for students 7th - 11th grade on Friday, May 19th at 1:30pm. If you want to improve your agility, coordination, & speed, please sign up in the office.",2017-05-08 13:27:45,,
4,0.0,,0.0,,1791481747847563,"Week of May 1-6

Tue 2- NHS Inductions 7:00 pm in cafeteria

Fri 5- Tutoring - 8:00-10:00 am
Track at State Finals
Varsity Softball 1st Round of State @ Rose Mofford Complex - vs Saint David @ 4 pm
Varsity Baseball 1st Round of State @ Good Year Baseball Complex - vs Saint David @ 4 pm

Sat 6- Track at State Finals
Varsity Softball and Baseball 2nd Round of State (If they win Friday)

Thank you all for coming to the Lip Sync Battle! It was a great time! And thank you Encore and LJ Crandell for all of your help!",https://facebook.com/story.php?story_fbid=1791481747847563&id=1484122521916822,,0.0,"Week of May 1-6

Tue 2- NHS Inductions 7:00 pm in cafeteria

Fri 5- Tutoring - 8:00-10:00 am
Track at State Finals
Varsity Softball 1st Round of State @ Rose Mofford Complex - vs Saint David @ 4 pm
Varsity Baseball 1st Round of State @ Good Year Baseball Complex - vs Saint David @ 4 pm

Sat 6- Track at State Finals
Varsity Softball and Baseball 2nd Round of State (If they win Friday)

Thank you all for coming to the Lip Sync Battle! It was a great time! And thank you Encore and LJ Crandell for all of your help!",2017-05-01 13:20:42,,
5,0.0,,4.0,,1790077427987995,"1st round of Softball Playoffs for our girls is Saturday, April 29 at 9:30am! Good luck girls!",https://facebook.com/story.php?story_fbid=1790077427987995&id=1484122521916822,,0.0,"1st round of Softball Playoffs for our girls is Saturday, April 29 at 9:30am! Good luck girls!",2017-04-28 22:38:01,,
6,0.0,,2.0,,1789335664728838,"LIP SYNC BATTLE!!!!!!!!!
When- Tonight, 6:30 pm
Where- Capps PAC
Who- ABSOLUTELY EVERYONE
Cost- $1 admission
*Everyone is invited! Please show up! It will be flippin AWESOME!",https://facebook.com/story.php?story_fbid=1789335664728838&id=1484122521916822,,0.0,"LIP SYNC BATTLE!!!!!!!!!
When- Tonight, 6:30 pm
Where- Capps PAC
Who- ABSOLUTELY EVERYONE
Cost- $1 admission
*Everyone is invited! Please show up! It will be flippin AWESOME!",2017-04-27 13:00:46,,
7,0.0,,0.0,,1788349934827411,"Sorry it's a day late but here's the Week of April 24-28

Wed 26- Track @ Snowflake - 9:00 am
Thur 27- Lip Sync Battle!!! @ Capps PAC - 6:30 pm
Admission is $1.00 - Community is invited! It will be a good time!",https://facebook.com/story.php?story_fbid=1788349934827411&id=1484122521916822,,0.0,"Sorry it's a day late but here's the Week of April 24-28

Wed 26- Track @ Snowflake - 9:00 am
Thur 27- Lip Sync Battle!!! @ Capps PAC - 6:30 pm
Admission is $1.00 - Community is invited! It will be a good time!",2017-04-25 13:12:38,,
8,0.0,,0.0,,1784098408585897,"Week of April 17-22

Tue 18- JV/V Baseball/Softball @ Joseph City - 2:00/4:00 pm

Wed 19- Track @ Lupe Acevedo Relays - 12:00 pm

Thur 20- Varsity Softball @ Grey Hills - 2:00/4:00 pm
Varsity Baseball @ Morenci Tournament

Fri 21- Tutoring 8:00-10:00 am
Varsity Baseball @ Morenci Tournament
Track @ Fountain Hills

Sat 22- Varsity Baseball @ Morenci Tournament
JV/V Softball vs. Valley Union @ Fort Thomas - 10:00/11:30 pm",https://facebook.com/story.php?story_fbid=1784098408585897&id=1484122521916822,,0.0,"Week of April 17-22

Tue 18- JV/V Baseball/Softball @ Joseph City - 2:00/4:00 pm

Wed 19- Track @ Lupe Acevedo Relays - 12:00 pm

Thur 20- Varsity Softball @ Grey Hills - 2:00/4:00 pm
Varsity Baseball @ Morenci Tournament

Fri 21- Tutoring 8:00-10:00 am
Varsity Baseball @ Morenci Tournament
Track @ Fountain Hills

Sat 22- Varsity Baseball @ Morenci Tournament
JV/V Softball vs. Valley Union @ Fort Thomas - 10:00/11:30 pm",2017-04-17 13:06:15,,
9,0.0,https://scontent-atl3-1.xx.fbcdn.net/v/t1.0-9/fr/cp0/e15/q65/17883699_1781203525542052_4539522331547240482_n.jpg?_nc_cat=101&_nc_sid=2d5d41&_nc_ohc=THKAnmqjAF4AX_RhvBR&_nc_ht=scontent-atl3-1.xx&tp=14&oh=e1c84e64aaba5841899e4fe35d56ec17&oe=5F836BC2,1.0,,1781203525542052,Blood Drive today! It's in the gym. Walk ins are greatly appreciated!! #beahero #savealife,,,0.0,Blood Drive today! It's in the gym. Walk ins are greatly appreciated!! #beahero #savealife,2017-04-12 16:39:41,,
10,0.0,,0.0,http://www.Bloodhero.com/,1780100848985653,"Week of April 10-15

Tue 11- V/JV Baseball/Softball vs. Joseph City - 2:00/3:45 pm

Wed 12- Blood Drive at MHS Gym - 8:00 am to 6:00 pm
*If you would like to donate blood please contact Duane Tomlinson at (928)-535-4238 ext. 2205 or visit www.Bloodhero.com. Appointments are great and walk-ins are greatly appreciated!

Thur 13- JV Baseball/Softball vs Williams - 3:45 pm

Fri 14- Mogollon Track Invitational - 10:00 am
Varsity Baseball/Softball @ Ashfork - 2:00/4:00 pm

Sat 15- Prom Dance @ Bison Ranch - 9:00-11:30 pm

Summit Health Care at Bison Ranch is offering Sports Physicals Friday, April 21, 2017. They will be at the clinic from 8:00 am to 12:00 pm. Pick up your paperwork in the office. The cost is $25.00 and you will need to take cash.",https://facebook.com/story.php?story_fbid=1780100848985653&id=1484122521916822,"BLOODHERO.COM
Home - The Hero in Me",0.0,"Week of April 10-15

Tue 11- V/JV Baseball/Softball vs. Joseph City - 2:00/3:45 pm

Wed 12- Blood Drive at MHS Gym - 8:00 am to 6:00 pm
*If you would like to donate blood please contact Duane Tomlinson at (928)-535-4238 ext. 2205 or visit www.Bloodhero.com. Appointments are great and walk-ins are greatly appreciated!

Thur 13- JV Baseball/Softball vs Williams - 3:45 pm

Fri 14- Mogollon Track Invitational - 10:00 am
Varsity Baseball/Softball @ Ashfork - 2:00/4:00 pm

Sat 15- Prom Dance @ Bison Ranch - 9:00-11:30 pm

Summit Health Care at Bison Ranch is offering Sports Physicals Friday, April 21, 2017. They will be at the clinic from 8:00 am to 12:00 pm. Pick up your paperwork in the office. The cost is $25.00 and you will need to take cash.

BLOODHERO.COM
Home - The Hero in Me",2017-04-10 13:15:24,,
11,0.0,,0.0,,1775764112752660,"Week of April 3-7

Wed 5- Varsity baseball/Softball vs Gilbert Christain - 3:45 pm

Thur 6- All State Band/Orchestra/Choir Festival @ ASU

Fri 7- All State Band/Orchestra/Choir Festival @ ASU
Track @ Blue Ridge - 11:00 pm
Varsity Baseball @ Grey Hills - 2:00/4:00 pm

Summit Health Care at Bison Ranch will be offering Sports Physicals Friday, April 21, 2017 at Mogollon High School from 8:00 am to 12:00 pm. You will need to go to the clinic to get your physicals this year. Please pick up your physical paperwork in the office. The cost is $25.00 and you will need to take cash.",https://facebook.com/story.php?story_fbid=1775764112752660&id=1484122521916822,,0.0,"Week of April 3-7

Wed 5- Varsity baseball/Softball vs Gilbert Christain - 3:45 pm

Thur 6- All State Band/Orchestra/Choir Festival @ ASU

Fri 7- All State Band/Orchestra/Choir Festival @ ASU
Track @ Blue Ridge - 11:00 pm
Varsity Baseball @ Grey Hills - 2:00/4:00 pm

Summit Health Care at Bison Ranch will be offering Sports Physicals Friday, April 21, 2017 at Mogollon High School from 8:00 am to 12:00 pm. You will need to go to the clinic to get your physicals this year. Please pick up your physical paperwork in the office. The cost is $25.00 and you will need to take cash.",2017-04-03 13:18:34,,
12,0.0,,0.0,,1772003359795402,"Week of March 27-31

Tue 28- Varsity Baseball/Softball vs Williams hm- 2:00/4:00

Thur 30- Early Release day - get out at 11:45
Parent/Teacher Conference in High School Gym- 1:00-6:00 pm

Fri 31- Track Meet @ Joseph City - 9:30 am",https://facebook.com/story.php?story_fbid=1772003359795402&id=1484122521916822,,0.0,"Week of March 27-31

Tue 28- Varsity Baseball/Softball vs Williams hm- 2:00/4:00

Thur 30- Early Release day - get out at 11:45
Parent/Teacher Conference in High School Gym- 1:00-6:00 pm

Fri 31- Track Meet @ Joseph City - 9:30 am",2017-03-27 13:05:53,,
13,0.0,,1.0,,1768201530175585,"Week of March 20-24

Tues 21- Varsity Baseball/Softball @ Alchesay 2:00/4:00 pm

Thur 23- End of the 3rd Quarter
Varsity Softball @ Chandler Prep Tournament
Band Concert @ Capps PAC 7:00 pm

Frid 24- Tutoring 8:00 am to 10:00 am
Varsity Softball @ Chandler Prep Tournament
Track HOME 10:00 am
Varsity Baseball @ Seligman 2:00/4:00 pm",https://facebook.com/story.php?story_fbid=1768201530175585&id=1484122521916822,,0.0,"Week of March 20-24

Tues 21- Varsity Baseball/Softball @ Alchesay 2:00/4:00 pm

Thur 23- End of the 3rd Quarter
Varsity Softball @ Chandler Prep Tournament
Band Concert @ Capps PAC 7:00 pm

Frid 24- Tutoring 8:00 am to 10:00 am
Varsity Softball @ Chandler Prep Tournament
Track HOME 10:00 am
Varsity Baseball @ Seligman 2:00/4:00 pm",2017-03-20 13:23:36,,
14,0.0,,0.0,,1759957167666688,"Week of March 6-11

Tue 7-
Forensic Science Day @ GCU has been cancelled
ASU will come and put on a Star Show @ 6:00 pm at the PAC
V/JV Baseball/Softball @ Superior - 2:00/4:00 pm
Track @ NAU Sky Dome - 11:30 am

Wed 8-
Robotics @ Western Super Regionals
Winter Sports Awards in the cafeteria - 6:00 pm

Thur 9-
Robotics @ Western Super Regionals

Fri 10-
Varsity Baseball/Softball vs Mayer - 2:00/4:00 pm
Track @ Round Valley - 8:00 am
Robotics @ Western Super Regionals

Sat 11-
Robotics @ Western Super Regionals

Spring Break is the week of March 13-18. HAVE A GREAT SPRING BREAK!",https://facebook.com/story.php?story_fbid=1759957167666688&id=1484122521916822,,0.0,"Week of March 6-11

Tue 7-
Forensic Science Day @ GCU has been cancelled
ASU will come and put on a Star Show @ 6:00 pm at the PAC
V/JV Baseball/Softball @ Superior - 2:00/4:00 pm
Track @ NAU Sky Dome - 11:30 am

Wed 8-
Robotics @ Western Super Regionals
Winter Sports Awards in the cafeteria - 6:00 pm

Thur 9-
Robotics @ Western Super Regionals

Fri 10-
Varsity Baseball/Softball vs Mayer - 2:00/4:00 pm
Track @ Round Valley - 8:00 am
Robotics @ Western Super Regionals

Sat 11-
Robotics @ Western Super Regionals

Spring Break is the week of March 13-18. HAVE A GREAT SPRING BREAK!",2017-03-06 12:08:12,,
15,0.0,,1.0,,1756609404668131,"Week of February 27 - March 4

Wed 1- Orchestra Spring Concert @ PAC - 6:00pm

Fri 3- Baseball/Softball @ Phoenix Country Day Tournament
Ski Trip!

Sat 4- Baseball/Softball @ Phoenix Country Day Tournament
Allstate Tryouts @ Gilbert High School

Congratulations to the Robotics Team! They took State this past weekend! They are headed to Super Regionals in Seattle Washington. It will be March 9-12. If you would like to support the Robotics team in any way please contact Wade Batson at (928)358-8128.",https://facebook.com/story.php?story_fbid=1756609404668131&id=1484122521916822,,0.0,"Week of February 27 - March 4

Wed 1- Orchestra Spring Concert @ PAC - 6:00pm

Fri 3- Baseball/Softball @ Phoenix Country Day Tournament
Ski Trip!

Sat 4- Baseball/Softball @ Phoenix Country Day Tournament
Allstate Tryouts @ Gilbert High School

Congratulations to the Robotics Team! They took State this past weekend! They are headed to Super Regionals in Seattle Washington. It will be March 9-12. If you would like to support the Robotics team in any way please contact Wade Batson at (928)358-8128.",2017-02-27 12:19:05,,
16,0.0,,0.0,,1753689368293468,"Week of February 20-24

Mon 20- Happy President's Day!!
Tue 21- Track starts today
Thur 23- GAB Dance - 9:00-11:30 pm @ High School Cafeteria",https://facebook.com/story.php?story_fbid=1753689368293468&id=1484122521916822,,0.0,"Week of February 20-24

Mon 20- Happy President's Day!!
Tue 21- Track starts today
Thur 23- GAB Dance - 9:00-11:30 pm @ High School Cafeteria",2017-02-21 12:06:04,,
17,0.0,,2.0,,1749169922078746,"Week of February 13-18

Fri 17- Tutoring 8:00-10:00 pm
Regional Choir, Orchestra, and Band
Girls Basketball 1st Round of Playoffs

Sat 18- Regional Choir, Orchestra, and Band Concert
Girls Basketball 2nd Round of Playoffs

Congrats to Timmy Porter for taking 3rd at state, and Seth Reidhead for taking 6th! And also congrats to the Lady Mustangs for being Section Champs! Rebekah Whipple was player of the year, and Lauren Hancock for being Defensive Player! They made First Team Tournament. Mackenzie Willis was a Second Team, and Jillie Maner as an Honorable Mention.",https://facebook.com/story.php?story_fbid=1749169922078746&id=1484122521916822,,0.0,"Week of February 13-18

Fri 17- Tutoring 8:00-10:00 pm
Regional Choir, Orchestra, and Band
Girls Basketball 1st Round of Playoffs

Sat 18- Regional Choir, Orchestra, and Band Concert
Girls Basketball 2nd Round of Playoffs

Congrats to Timmy Porter for taking 3rd at state, and Seth Reidhead for taking 6th! And also congrats to the Lady Mustangs for being Section Champs! Rebekah Whipple was player of the year, and Lauren Hancock for being Defensive Player! They made First Team Tournament. Mackenzie Willis was a Second Team, and Jillie Maner as an Honorable Mention.",2017-02-13 12:08:27,,
18,1.0,,0.0,,1745622949100110,"Week of February 6-11

Wed 8- Regional Boys Basketball - time & place TBA

Thur 9- Regional Girls Basketball vs Seligman - 6:00 pm
Wrestling State Finals @ Prescott

Fri 10- Wrestling State Finals @ Prescott

Sat 11- Robotics @ Goodyear
Regional Basketball Finals - TBA",https://facebook.com/story.php?story_fbid=1745622949100110&id=1484122521916822,,0.0,"Week of February 6-11

Wed 8- Regional Boys Basketball - time & place TBA

Thur 9- Regional Girls Basketball vs Seligman - 6:00 pm
Wrestling State Finals @ Prescott

Fri 10- Wrestling State Finals @ Prescott

Sat 11- Robotics @ Goodyear
Regional Basketball Finals - TBA",2017-02-06 12:08:21,,
19,0.0,,0.0,,1741385629523842,"Week of January 30th - February 4th

Mon 30- JV/V Boys Basketball vs Basis-5:00/6:00 pm

Wed 1- JV/V Girls & Boys Basketball vs Cibicue 2:30/4:00/5:30/7:00 pm

Thur 2- JV/V Boys & Varsity Girls Basketball vs Williams 2:30/4:00/5:30/7:00 pm

Fri 3- Tutoring 8:00-10:00 am
JV/V Girls & Boys Basketball @ Ashfork-12:00/1:30/3:00/4:30 pm

Sat 4- Wrestling Sectional @ Mogollon",https://facebook.com/story.php?story_fbid=1741385629523842&id=1484122521916822,,0.0,"Week of January 30th - February 4th

Mon 30- JV/V Boys Basketball vs Basis-5:00/6:00 pm

Wed 1- JV/V Girls & Boys Basketball vs Cibicue 2:30/4:00/5:30/7:00 pm

Thur 2- JV/V Boys & Varsity Girls Basketball vs Williams 2:30/4:00/5:30/7:00 pm

Fri 3- Tutoring 8:00-10:00 am
JV/V Girls & Boys Basketball @ Ashfork-12:00/1:30/3:00/4:30 pm

Sat 4- Wrestling Sectional @ Mogollon",2017-01-30 12:05:05,,
20,0.0,,0.0,,1733901170272288,"Week of January 17-21

Tues 17- Var Girls & JV/V Boys Baksetball vs Mayer - 4:00/5:30/7:00 pm

Wed 18- Blood Drive - Walk ins are welcome from 8:00 am to 4:45 pm. We would love to have more donations!
Wrestling @ Chandler Prep - TBA
Robotics @ Queen Creek - TBA

Thur 19- JV/V Girls & Var Boys Basketball vs Joseph City - 4:00/5:30/7:00 pm

Fri 20- Tutoring 8:00-10:00 am

Sat 21- JV/V Girls & Boys Basketball @ Cibicue - 2:30/4:00/5:30/7:00 pm",https://facebook.com/story.php?story_fbid=1733901170272288&id=1484122521916822,,0.0,"Week of January 17-21

Tues 17- Var Girls & JV/V Boys Baksetball vs Mayer - 4:00/5:30/7:00 pm

Wed 18- Blood Drive - Walk ins are welcome from 8:00 am to 4:45 pm. We would love to have more donations!
Wrestling @ Chandler Prep - TBA
Robotics @ Queen Creek - TBA

Thur 19- JV/V Girls & Var Boys Basketball vs Joseph City - 4:00/5:30/7:00 pm

Fri 20- Tutoring 8:00-10:00 am

Sat 21- JV/V Girls & Boys Basketball @ Cibicue - 2:30/4:00/5:30/7:00 pm",2017-01-17 12:09:26,,
21,0.0,,1.0,,1729491807379891,"Blood Drive info

Hello! There will be a blood drive on January 18, 2017 at Mogollon High School. We are trying to get as many people to sign up as we can. It is from 8:00 am to 4:45 pm. Walk ins are always welcome! Appointments can be scheduled from 8:15 to 3:30. To contact for the blood drive call the school at 535-4238. Thank you!!",https://facebook.com/story.php?story_fbid=1729491807379891&id=1484122521916822,,0.0,"Blood Drive info

Hello! There will be a blood drive on January 18, 2017 at Mogollon High School. We are trying to get as many people to sign up as we can. It is from 8:00 am to 4:45 pm. Walk ins are always welcome! Appointments can be scheduled from 8:15 to 3:30. To contact for the blood drive call the school at 535-4238. Thank you!!",2017-01-09 12:59:16,,
22,0.0,,0.0,,1729483767380695,"Week of January 9-14 WELCOME BACK!!!!

Mon 9- JV Girls & Boys Basketball @ Payson - 4:00/5:30

Wed 11- Wrestling Multiple @ Valley Lutheran

Fri 13- JV/V Girls V Boys Basketball @ Joe City - 4/5:30/7 Wrestling @ Doc Wright Invitational

Sat 14- JV/V Boys Basketball @ Basis - 5:30/7:00
Wrestling @ Doc Wright Invitational",https://facebook.com/story.php?story_fbid=1729483767380695&id=1484122521916822,,0.0,"Week of January 9-14 WELCOME BACK!!!!

Mon 9- JV Girls & Boys Basketball @ Payson - 4:00/5:30

Wed 11- Wrestling Multiple @ Valley Lutheran

Fri 13- JV/V Girls V Boys Basketball @ Joe City - 4/5:30/7 Wrestling @ Doc Wright Invitational

Sat 14- JV/V Boys Basketball @ Basis - 5:30/7:00
Wrestling @ Doc Wright Invitational",2017-01-09 12:28:52,,
23,0.0,,0.0,,1719050601757345,"Week of December 19-23

Mon 19 - Band Christmas Concert @ PAC - 6:00 pm
Tues 20 - Orchestra Christmas Concert @ PAC - 6:00 pm
Wed 21 - Finals 1-4 hour - release at 12:30
Thur 22 - Finals 5-7 hour - release at 11:00

MERRY CHRISTMAS!!!!",https://facebook.com/story.php?story_fbid=1719050601757345&id=1484122521916822,,0.0,"Week of December 19-23

Mon 19 - Band Christmas Concert @ PAC - 6:00 pm
Tues 20 - Orchestra Christmas Concert @ PAC - 6:00 pm
Wed 21 - Finals 1-4 hour - release at 12:30
Thur 22 - Finals 5-7 hour - release at 11:00

MERRY CHRISTMAS!!!!",2016-12-19 12:04:59,,
24,0.0,,3.0,,1715334598795612,"Week of December 12 - 17

Tue 13- JV/V Boys & Varsity Girls Basketball @ Williams - 2:30/3:00/5:30 pm

Wed 14- Wrestling Multiple @ Fountain Hills - TBA

Thur 15- Winter Formal Dance 9:00-11:30 - $15 couple $10 single

Fri 16- Tutoring 8:00-10:00 am
JV/V Girls & Boys Basketball vs Grand Canyon hm - 2:30/4:00/5:30/7:00 pm

Sat 17- Varsity Girls & Boys Basketball @ Seligman - 4:00/5:30 pm",https://facebook.com/story.php?story_fbid=1715334598795612&id=1484122521916822,,0.0,"Week of December 12 - 17

Tue 13- JV/V Boys & Varsity Girls Basketball @ Williams - 2:30/3:00/5:30 pm

Wed 14- Wrestling Multiple @ Fountain Hills - TBA

Thur 15- Winter Formal Dance 9:00-11:30 - $15 couple $10 single

Fri 16- Tutoring 8:00-10:00 am
JV/V Girls & Boys Basketball vs Grand Canyon hm - 2:30/4:00/5:30/7:00 pm

Sat 17- Varsity Girls & Boys Basketball @ Seligman - 4:00/5:30 pm",2016-12-12 15:54:50,,
25,0.0,,0.0,,1710789052583500,"Week of December 5 - 10

Mon 5- Choir Concert @ Capps - 6:30 pm
Wed 7- JV/V Girls & Boys Basketball @ Mayer - 1/2:30/4/5:30
Wrestling Multiple hm - 2:00 pm
Thu 8- V Girls & Boys Basketball @ Round Valley Tournament
Fri 9- V Girls & Boys Basketball @ Round Valley Tournament
Wrestling @ Show Low Invitational - TBA
Sat 10- V Girls & Boys Basketball @ Round Valley Tournament
Wrestling @ Show Low Invitational - TBA
ACT Test - 8:00 am",https://facebook.com/story.php?story_fbid=1710789052583500&id=1484122521916822,,0.0,"Week of December 5 - 10

Mon 5- Choir Concert @ Capps - 6:30 pm
Wed 7- JV/V Girls & Boys Basketball @ Mayer - 1/2:30/4/5:30
Wrestling Multiple hm - 2:00 pm
Thu 8- V Girls & Boys Basketball @ Round Valley Tournament
Fri 9- V Girls & Boys Basketball @ Round Valley Tournament
Wrestling @ Show Low Invitational - TBA
Sat 10- V Girls & Boys Basketball @ Round Valley Tournament
Wrestling @ Show Low Invitational - TBA
ACT Test - 8:00 am",2016-12-05 12:16:10,,
26,0.0,,1.0,,1706593149669757,"Week of Nov 28 - Dec 3

Tue 29 - JV/V Boys Basketball vs Basis - 5:30/7:00
Wed 30 - JV/V Boys & Girls Basketball vs St. Johns - 2:30/4:00/5:30/7:00
Fri 2 - Tutoring from 8:00-10:00
Sat 3 - Robotics @ Flagstaff",https://facebook.com/story.php?story_fbid=1706593149669757&id=1484122521916822,,0.0,"Week of Nov 28 - Dec 3

Tue 29 - JV/V Boys Basketball vs Basis - 5:30/7:00
Wed 30 - JV/V Boys & Girls Basketball vs St. Johns - 2:30/4:00/5:30/7:00
Fri 2 - Tutoring from 8:00-10:00
Sat 3 - Robotics @ Flagstaff",2016-11-28 12:06:32,,
27,0.0,,0.0,,1699130583749347,"Week of November 14 - 18

Mon 14 - Football Awards Banquet - Varsity players and parents only - 6:00 pm
Fri 18 - Varsity Girls and Boys Basketball scrimmage vs Cibicue home - 4:00/5:30 pm",https://facebook.com/story.php?story_fbid=1699130583749347&id=1484122521916822,,0.0,"Week of November 14 - 18

Mon 14 - Football Awards Banquet - Varsity players and parents only - 6:00 pm
Fri 18 - Varsity Girls and Boys Basketball scrimmage vs Cibicue home - 4:00/5:30 pm",2016-11-14 12:28:57,,
28,0.0,,1.0,,1695372157458523,"Week of Nov 7 - 10

Mon 7 - Girls Basketball Practice starts today
Grade check today",https://facebook.com/story.php?story_fbid=1695372157458523&id=1484122521916822,,0.0,"Week of Nov 7 - 10

Mon 7 - Girls Basketball Practice starts today
Grade check today",2016-11-07 12:27:06,,
29,0.0,,2.0,,1691969661132106,"ATTENTION ALL VOLLEYBALL FANS!!!

There will be a sendoff for the Varsity Volleyball team at the High School on Thursday at 3:30 pm! Meet at the flag pole and bring your Mustang Spirit! Everyone is invited and welcome to come! Let's support our Lady Mustangs and wish them luck! Hope to see you there!",https://facebook.com/story.php?story_fbid=1691969661132106&id=1484122521916822,,0.0,"ATTENTION ALL VOLLEYBALL FANS!!!

There will be a sendoff for the Varsity Volleyball team at the High School on Thursday at 3:30 pm! Meet at the flag pole and bring your Mustang Spirit! Everyone is invited and welcome to come! Let's support our Lady Mustangs and wish them luck! Hope to see you there!",2016-11-01 13:38:47,,
30,0.0,,0.0,,1691269571202115,"Week of Oct/Nov 31 - 5

Fri 4 - Tutoring 8 - 10
State Volleyball @ North High School - 1:00 pm
Sat 5 - State Volleyball @ North High School - TBA",https://facebook.com/story.php?story_fbid=1691269571202115&id=1484122521916822,,0.0,"Week of Oct/Nov 31 - 5

Fri 4 - Tutoring 8 - 10
State Volleyball @ North High School - 1:00 pm
Sat 5 - State Volleyball @ North High School - TBA",2016-10-31 13:16:18,,
31,0.0,,0.0,,1686532128342526,"Week of October 24-29

Mon 24 - 2 week grade check
Thu 27 - Varsity Volleyball Regional game - 5:00 pm
Sat 29 - Varsity Volleyball Regional tournament - TBA",https://facebook.com/story.php?story_fbid=1686532128342526&id=1484122521916822,,0.0,"Week of October 24-29

Mon 24 - 2 week grade check
Thu 27 - Varsity Volleyball Regional game - 5:00 pm
Sat 29 - Varsity Volleyball Regional tournament - TBA",2016-10-24 13:12:52,,
32,0.0,,0.0,,1683407551988317,"Blood Drive Reminder!!
The blood drive is tomorrow at the High School in the Multi-Purpose Room. It will be from 8 am to 5 pm. Walk-ins are also greatly appreciated!!",https://facebook.com/story.php?story_fbid=1683407551988317&id=1484122521916822,,0.0,"Blood Drive Reminder!!
The blood drive is tomorrow at the High School in the Multi-Purpose Room. It will be from 8 am to 5 pm. Walk-ins are also greatly appreciated!!",2016-10-19 22:31:15,,
33,0.0,,9.0,,1682543632074709,"ATTENTION MHS STUDENTS:
There will be a rooter bus for the Mogollon vs Joe City game for high school students. Sign ups are in the high school office. It is $5 to ride, $5 to get into the game, and you will need money for food. Permission slips are in the office and you must have them turned in by 4 pm on Thursday. The bus will leave MHS @ 4:30 pm on Saturday the 22. There will also be a football send off at the high school on Saturday the 22 at 2:45. Come support the Mogollon Mustangs and bring your posters and school spirit!!",https://facebook.com/story.php?story_fbid=1682543632074709&id=1484122521916822,,0.0,"ATTENTION MHS STUDENTS:
There will be a rooter bus for the Mogollon vs Joe City game for high school students. Sign ups are in the high school office. It is $5 to ride, $5 to get into the game, and you will need money for food. Permission slips are in the office and you must have them turned in by 4 pm on Thursday. The bus will leave MHS @ 4:30 pm on Saturday the 22. There will also be a football send off at the high school on Saturday the 22 at 2:45. Come support the Mogollon Mustangs and bring your posters and school spirit!!",2016-10-18 13:55:54,,
34,0.0,,1.0,,1681896442139428,"Week of October 17 - 22

Tue 18 - Band Concert @ PAC - 7:00 pm
Wed 19 - PSAT Test 8-11 am
Thu 20 - Blood Drive 8 am - 5 pm
Fri 21 - Tutoring 8-11 am
JV/V Volleyball vs. Ashfork - 3/4 pm
Sat 22 - Varsity Football @ Joseph City - 6:00 pm",https://facebook.com/story.php?story_fbid=1681896442139428&id=1484122521916822,,0.0,"Week of October 17 - 22

Tue 18 - Band Concert @ PAC - 7:00 pm
Wed 19 - PSAT Test 8-11 am
Thu 20 - Blood Drive 8 am - 5 pm
Fri 21 - Tutoring 8-11 am
JV/V Volleyball vs. Ashfork - 3/4 pm
Sat 22 - Varsity Football @ Joseph City - 6:00 pm",2016-10-17 13:04:13,,
35,0.0,,2.0,,1677418405920565,"HOMECOMING WEEK!!!
Week of October 10 - 15

Mon 10 - HATS vs SOCKS
Mighty Man at 7:00 in the gym

Tue 11 - MATHLETE vs ATHLETE
Hall decorating during school - assembly bell schedule
JV Football @ Joseph City 6:00 pm
FR/JV/V Volleyball @ Williams 4/5/6 pm

Wed 12 - PREDATOR vs PREY
Powder Puff Football 7:00 pm

Thu 13 - FIESTA vs SIESTA
Assembly - everyone is welcome - 7:00 pm
Bon Fire - for High School ONLY - 8:30 pm

Fri 14 - JV/V/FR Volleyball vs Joseph City 3/4/5
Varsity Football vs Joseph City 7:00 pm
Tailgate Dinner (Navajo Tacos) $5 per plate - 3:30- 6:30 pm
Homecoming Dance $7 stag, $10 couple - 9:00 - 11:30 pm

Sat 15 - Cross Country @ Winslow Invitational - 9:00 am",https://facebook.com/story.php?story_fbid=1677418405920565&id=1484122521916822,,0.0,"HOMECOMING WEEK!!!
Week of October 10 - 15

Mon 10 - HATS vs SOCKS
Mighty Man at 7:00 in the gym

Tue 11 - MATHLETE vs ATHLETE
Hall decorating during school - assembly bell schedule
JV Football @ Joseph City 6:00 pm
FR/JV/V Volleyball @ Williams 4/5/6 pm

Wed 12 - PREDATOR vs PREY
Powder Puff Football 7:00 pm

Thu 13 - FIESTA vs SIESTA
Assembly - everyone is welcome - 7:00 pm
Bon Fire - for High School ONLY - 8:30 pm

Fri 14 - JV/V/FR Volleyball vs Joseph City 3/4/5
Varsity Football vs Joseph City 7:00 pm
Tailgate Dinner (Navajo Tacos) $5 per plate - 3:30- 6:30 pm
Homecoming Dance $7 stag, $10 couple - 9:00 - 11:30 pm

Sat 15 - Cross Country @ Winslow Invitational - 9:00 am",2016-10-10 13:17:35,,
36,0.0,,2.0,,1674022346260171,"Week of Oct 3-8

We still have our Food Drive going on. Please look through your pantry and find some canned items to help out our local families.

BLOOD DRIVE-Student Council will be hosting a Community Blood Drive on Oct 20th from 8:30 - 4:45. To make an appointment please contact Duane Tomlinson at 928-535-4238 ext 2205 or 480-434-2076. Walk-ins welcome.

Tue 4 - JV/V Volleyball vs Cibicue - 5pm/6pm
Wed 5 - Cross Country @ North Mountain - TBA
Fall Choir & Orchestra Concert @ PAC - 6pm
Thu 6 - End of 1st Quarter
Fri 7 - Varsity Volleyball @ Joseph City Tourn. - TBA
Sat 8 - Varsity Volleyball @ Joseph City Tourn. - TBA
Varsity Football vs Fredonia - 7:00
TAILGATE DINNER - Hamburgers and Hotdogs - 5:00pm to 7:00pm - Only $5 per Person, Proceeds help to support MHS/MJHS Robotics",https://facebook.com/story.php?story_fbid=1674022346260171&id=1484122521916822,,0.0,"Week of Oct 3-8

We still have our Food Drive going on. Please look through your pantry and find some canned items to help out our local families.

BLOOD DRIVE-Student Council will be hosting a Community Blood Drive on Oct 20th from 8:30 - 4:45. To make an appointment please contact Duane Tomlinson at 928-535-4238 ext 2205 or 480-434-2076. Walk-ins welcome.

Tue 4 - JV/V Volleyball vs Cibicue - 5pm/6pm
Wed 5 - Cross Country @ North Mountain - TBA
Fall Choir & Orchestra Concert @ PAC - 6pm
Thu 6 - End of 1st Quarter
Fri 7 - Varsity Volleyball @ Joseph City Tourn. - TBA
Sat 8 - Varsity Volleyball @ Joseph City Tourn. - TBA
Varsity Football vs Fredonia - 7:00
TAILGATE DINNER - Hamburgers and Hotdogs - 5:00pm to 7:00pm - Only $5 per Person, Proceeds help to support MHS/MJHS Robotics",2016-10-04 13:55:53,,
37,0.0,,3.0,,1669284076733998,"Week of September 26 - 31

All week- Food Drive

Tue 27 - FR/V/JV/V Volleyball vs Basic School Flag- 3/4/5/6 pm
JV Football @ Williams - 6:00 pm
Fri 30 - Tutoring 8:00 - 10:00 am
Varsity Football @ Williams - 7:00 pm
Varsity Volleyball @ Chandler Prep Tournament - TBA
Sat 31 - Varsity Volleyball @ Chandler Prep Tournament - TBA",https://facebook.com/story.php?story_fbid=1669284076733998&id=1484122521916822,,0.0,"Week of September 26 - 31

All week- Food Drive

Tue 27 - FR/V/JV/V Volleyball vs Basic School Flag- 3/4/5/6 pm
JV Football @ Williams - 6:00 pm
Fri 30 - Tutoring 8:00 - 10:00 am
Varsity Football @ Williams - 7:00 pm
Varsity Volleyball @ Chandler Prep Tournament - TBA
Sat 31 - Varsity Volleyball @ Chandler Prep Tournament - TBA",2016-09-26 13:07:34,,
38,0.0,,3.0,,1667066166955789,"FOOD DRIVE INFO
Alright everyone it is time for our annual food drive to begin! The High School will be the only ones doing it for right now. The food drive will go from September 22 to October 13. Please bring in as many cans as possible! Thank you!!",https://facebook.com/story.php?story_fbid=1667066166955789&id=1484122521916822,,0.0,"FOOD DRIVE INFO
Alright everyone it is time for our annual food drive to begin! The High School will be the only ones doing it for right now. The food drive will go from September 22 to October 13. Please bring in as many cans as possible! Thank you!!",2016-09-22 13:14:03,,
39,0.0,,2.0,,1665542533774819,"Week of September 19 - 24

Wed 21 - JV Football @ Cibicue - 4:00 pm
Fri 23 - JV/V Volleyball @ Ashfork - 5:00/6:00 pm
Sat 24 - Varsity Football @ El Capitan - 2:00 pm",https://facebook.com/story.php?story_fbid=1665542533774819&id=1484122521916822,,0.0,"Week of September 19 - 24

Wed 21 - JV Football @ Cibicue - 4:00 pm
Fri 23 - JV/V Volleyball @ Ashfork - 5:00/6:00 pm
Sat 24 - Varsity Football @ El Capitan - 2:00 pm",2016-09-19 13:12:15,,
40,0.0,,0.0,,1661624537499952,"Week of September 12 -17

Tue 13 - Fall Sports Pics, BRING UNIFORMS
JV Football vs Williams - Home - 6:00 pm
Wed 14 - JV/V Volleyball @ Cibicue - 5:00/6:00 pm
Thur 15 - FR/JV/V Volleyball vs Williams - Home - 4/5/6 pm
Fri 16 - Varsity Football vs Grey Hills - Home - 7:00 pm
Sat 17 - JV/V/JV/V Volleyball @ Grand Canyon - 12/1/2/3 pm",https://facebook.com/story.php?story_fbid=1661624537499952&id=1484122521916822,,0.0,"Week of September 12 -17

Tue 13 - Fall Sports Pics, BRING UNIFORMS
JV Football vs Williams - Home - 6:00 pm
Wed 14 - JV/V Volleyball @ Cibicue - 5:00/6:00 pm
Thur 15 - FR/JV/V Volleyball vs Williams - Home - 4/5/6 pm
Fri 16 - Varsity Football vs Grey Hills - Home - 7:00 pm
Sat 17 - JV/V/JV/V Volleyball @ Grand Canyon - 12/1/2/3 pm",2016-09-12 13:15:59,,
41,1.0,,1.0,,1658216241174115,"Week of September 5 - 10

Wed 7 - Cross Country @ Payson - 4:00 pm
Thu 8 - Volleyball FR/JV/V @ St. Johns - 4:30,5:30,6:30 pm
Fri 9 - Football Varsity @ Trivium Prep - 7:00 pm
Sat 10 - Cross Country @ Fountain Hills- TBA
Robotics Kickoff @ ASU - 8:30",https://facebook.com/story.php?story_fbid=1658216241174115&id=1484122521916822,,0.0,"Week of September 5 - 10

Wed 7 - Cross Country @ Payson - 4:00 pm
Thu 8 - Volleyball FR/JV/V @ St. Johns - 4:30,5:30,6:30 pm
Fri 9 - Football Varsity @ Trivium Prep - 7:00 pm
Sat 10 - Cross Country @ Fountain Hills- TBA
Robotics Kickoff @ ASU - 8:30",2016-09-06 13:08:52,,
42,0.0,,12.0,,1654517814877291,"Come support the Mustangs this Friday at the Home Center from 11:00 - 2:00. They are selling hamburgers, hotdogs, chips, and soda; just $5 a plate. And don't forget to support them at their first home game Friday night.",https://facebook.com/story.php?story_fbid=1654517814877291&id=1484122521916822,,0.0,"Come support the Mustangs this Friday at the Home Center from 11:00 - 2:00. They are selling hamburgers, hotdogs, chips, and soda; just $5 a plate. And don't forget to support them at their first home game Friday night.",2016-08-31 12:08:54,,
43,0.0,,0.0,,1653347818327624,"Week of Aug 29 - Sept 3

Tue 30 - School pictures. Picture packets in office
Cross Country Invitational @ Hopi
Volleyball FR/JV/V @ Joseph City - 4,5,6 pm
Fri 2 - TUTORING 8:00-10:00 am
Football Var vs. St. David- HOME 7:00 pm
Sat 3 - Volleyball FR/V/JV/V vs. Mayer- HOME 12,1,2,3 pm",https://facebook.com/story.php?story_fbid=1653347818327624&id=1484122521916822,,0.0,"Week of Aug 29 - Sept 3

Tue 30 - School pictures. Picture packets in office
Cross Country Invitational @ Hopi
Volleyball FR/JV/V @ Joseph City - 4,5,6 pm
Fri 2 - TUTORING 8:00-10:00 am
Football Var vs. St. David- HOME 7:00 pm
Sat 3 - Volleyball FR/V/JV/V vs. Mayer- HOME 12,1,2,3 pm",2016-08-29 13:10:06,,
44,0.0,,1.0,,1650472721948467,"Hello! Student Council is putting together programs for home football, volleyball, and basketball games. We are putting adds in the programs for advertisement as a fundraiser for Student Council. It is a great price for great advertising! Contact Duane Tomlinson at 535-4238 extention 2205.",https://facebook.com/story.php?story_fbid=1650472721948467&id=1484122521916822,,0.0,"Hello! Student Council is putting together programs for home football, volleyball, and basketball games. We are putting adds in the programs for advertisement as a fundraiser for Student Council. It is a great price for great advertising! Contact Duane Tomlinson at 535-4238 extention 2205.",2016-08-24 13:07:54,,
45,0.0,,0.0,,1649342218728184,"Week of Aug 22nd - Aug 26th

Wed 24th - 6:00 pm - JV Football vs. Cibicue HOME
Thu 25th - 7:00 pm - V Football vs. Rough Rock AWAY
Fri 26th - 4:00 pm - Volleyball scrimmage at Holbrook

REMINDER - School pictures will be next week on Tuesday, August 30th. Picture packets will be passed out this week.",https://facebook.com/story.php?story_fbid=1649342218728184&id=1484122521916822,,0.0,"Week of Aug 22nd - Aug 26th

Wed 24th - 6:00 pm - JV Football vs. Cibicue HOME
Thu 25th - 7:00 pm - V Football vs. Rough Rock AWAY
Fri 26th - 4:00 pm - Volleyball scrimmage at Holbrook

REMINDER - School pictures will be next week on Tuesday, August 30th. Picture packets will be passed out this week.",2016-08-22 13:23:18,,
46,0.0,,0.0,,1645227632472976,"Week of Aug 15th - Aug 19th

Tue 16 - 7:00 pm - Sports Parent Meeting in the gym - This is the only sports meeting of the year so ALL parents should attend

Wed 17 - 6:00 pm - FB Scrimmage vs NFL Yet HOME

Thu 18 - 8:00 pm to 11:00 pm - Freshmen Handshake Dance - $1 entry, Freshmen are FREE",https://facebook.com/story.php?story_fbid=1645227632472976&id=1484122521916822,,0.0,"Week of Aug 15th - Aug 19th

Tue 16 - 7:00 pm - Sports Parent Meeting in the gym - This is the only sports meeting of the year so ALL parents should attend

Wed 17 - 6:00 pm - FB Scrimmage vs NFL Yet HOME

Thu 18 - 8:00 pm to 11:00 pm - Freshmen Handshake Dance - $1 entry, Freshmen are FREE",2016-08-15 13:50:36,,
47,0.0,,18.0,,1641649732830766,Welcome back Mustangs! Hope your first day of school was a good one! This page will keep you updated on events so check often to see what's going on! We look forward to having a great year!,https://facebook.com/story.php?story_fbid=1641649732830766&id=1484122521916822,,0.0,Welcome back Mustangs! Hope your first day of school was a good one! This page will keep you updated on events so check often to see what's going on! We look forward to having a great year!,2016-08-09 14:03:17,,
48,0.0,,10.0,,1577653965897010,"****Fundraiser 5K Fun Run and 1 mile lil Mustang Run****

Join us at a Fundraiser for Diana Batson and Jesse Horn. This Run is sponsored by Mogollon High School to help raise support for two families that are devoted to our District.

We will start registration at 7:30 am at the Football field. The first 150 runners will receive a t-shirt. The race will be begin at 8 am.
The run will start at the track and run up the canyon, north of the High School.

Cost is $20.00 a runner- proceeds will go to the Batson/Horne Families.

Come out and support these families.",https://facebook.com/story.php?story_fbid=1577653965897010&id=1484122521916822,,0.0,"****Fundraiser 5K Fun Run and 1 mile lil Mustang Run****

Join us at a Fundraiser for Diana Batson and Jesse Horn. This Run is sponsored by Mogollon High School to help raise support for two families that are devoted to our District.

We will start registration at 7:30 am at the Football field. The first 150 runners will receive a t-shirt. The race will be begin at 8 am.
The run will start at the track and run up the canyon, north of the High School.

Cost is $20.00 a runner- proceeds will go to the Batson/Horne Families.

Come out and support these families.",2016-04-11 19:40:48,,
49,0.0,,9.0,http://www.mogollonrimnews.com/mogollon-high-school-robotics-team-wins-az-nm-regionals/,1552419028420504,"If you can, please donate to our robotics club so they can make their next competition in California

http://www.mogollonrimnews.com/mogollon-high-school-robotics-team-wins-az-nm-regionals/",https://facebook.com/story.php?story_fbid=1552419028420504&id=1484122521916822,"WWW.MOGOLLONRIMNEWS.COM
Mogollon Robotics Team advance to Super Regionals needs your help to get there! | Mogollon Rim News",10.0,"If you can, please donate to our robotics club so they can make their next competition in California

http://www.mogollonrimnews.com/mogollon-high-school-robotics-team-wins-az-nm-regionals/

WWW.MOGOLLONRIMNEWS.COM
Mogollon Robotics Team advance to Super Regionals needs your help to get there! | Mogollon Rim News",2016-03-03 11:38:35,,
50,1.0,https://scontent-atl3-1.xx.fbcdn.net/v/t1.0-9/fr/cp0/e15/q65/12705176_1538510446478029_6274778001632744709_n.jpg?_nc_cat=109&_nc_sid=110474&_nc_ohc=EqUNmaHmmwIAX_jG7lf&_nc_ht=scontent-atl3-1.xx&tp=14&oh=68e4fa9aeb020afbd776f46495555456&oe=5F80ABC6,4.0,,1538510703144670,Awesome season boys and girls!,https://facebook.com/story.php?story_fbid=1538510703144670&id=1484122521916822,,0.0,Awesome season boys and girls!,2016-02-05 23:06:11,,
51,0.0,,0.0,,1538272163168524,Tonight is Senior Night for the girls and boys varsity basketball! Come out and cheer on our teams in our last home game of the season.,https://facebook.com/story.php?story_fbid=1538272163168524&id=1484122521916822,,0.0,Tonight is Senior Night for the girls and boys varsity basketball! Come out and cheer on our teams in our last home game of the season.,2016-02-05 11:26:12,,
52,0.0,,3.0,,1536350053360735,All classes have been cancelled today! Enjoy the snow day and be safe.,https://facebook.com/story.php?story_fbid=1536350053360735&id=1484122521916822,,0.0,All classes have been cancelled today! Enjoy the snow day and be safe.,2016-02-01 09:33:09,,
53,2.0,,13.0,http://www.supportmyclub.org/collections/robotics-mogollon-high,1526856480976759,The robotics team has been kicking but and taking names! Please help support this awesome group of talented individuals.,https://facebook.com/story.php?story_fbid=1526856480976759&id=1484122521916822,"WWW.SUPPORTMYCLUB.ORG
Robotics - Mogollon High | Support My Club

Jaegers Robotics FTC Team 8995
January 12, 2016 at 3:32 PM ·",0.0,"The robotics team has been kicking but and taking names! Please help support this awesome group of talented individuals.

WWW.SUPPORTMYCLUB.ORG
Robotics - Mogollon High | Support My Club

Jaegers Robotics FTC Team 8995
January 12, 2016 at 3:32 PM ·",2016-01-12 10:55:12,,
54,0.0,,0.0,http://www.supportmyclub.org/collections/robotics-mogollon-high,,,https://facebook.com/story.php?story_fbid=1031358610250283&id=821037284615751,"Jaegers Robotics FTC Team 8995
January 12, 2016 at 3:32 PM ·",0.0,"Jaegers Robotics FTC Team 8995
January 12, 2016 at 3:32 PM ·",2020-09-12 00:39:01.459572,,
55,0.0,,2.0,,1524326597896414,All schools will be on a two hour delay today.,https://facebook.com/story.php?story_fbid=1524326597896414&id=1484122521916822,,0.0,All schools will be on a two hour delay today.,2016-01-07 08:13:37,,
56,0.0,,7.0,,1517438131918594,,https://facebook.com/story.php?story_fbid=1517438131918594&id=1484122521916822,"Mogollon Mustangs Girls Basketball
December 24, 2015 at 6:47 PM ·

Here's the highlights from our Mustang Dribble Off. We had a blast. From all of the Mustangs, Hope you have a Merry Christmas and a Happy New Year! Thank you for your support!",0.0,"Mogollon Mustangs Girls Basketball
December 24, 2015 at 6:47 PM ·

Here's the highlights from our Mustang Dribble Off. We had a blast. From all of the Mustangs, Hope you have a Merry Christmas and a Happy New Year! Thank you for your support!",2015-12-24 14:20:42,https://video-atl3-1.xx.fbcdn.net/v/t42.1790-2/12413023_760242870746557_1100190171_n.mp4?_nc_cat=104&_nc_sid=985c63&efg=eyJ2ZW5jb2RlX3RhZyI6InN2ZV9zZCJ9&_nc_ohc=5SyjZ53bi58AX8rG4Xl&_nc_ht=video-atl3-1.xx&oh=032186b4ba6fff76b5c1681d9bc2dbe8&oe=5F5C7722,
57,0.0,,3.0,http://app.eteamsponsor.com/ETS/supportUs/12568333?sponsor_id&fund_participant_id=12568346&id=12568333,1512883895707351,"Hey mustangs! Our girls basketball team is conducting their fund raiser. Check out their page and if you can please donate.

http://app.eteamsponsor.com/ETS/supportUs/12568333?sponsor_id=&fund_participant_id=12568346&id=12568333",https://facebook.com/story.php?story_fbid=1512883895707351&id=1484122521916822,"APP.ETEAMSPONSOR.COM
eTeamSponsor",0.0,"Hey mustangs! Our girls basketball team is conducting their fund raiser. Check out their page and if you can please donate.

http://app.eteamsponsor.com/ETS/supportUs/12568333?sponsor_id=&fund_participant_id=12568346&id=12568333

APP.ETEAMSPONSOR.COM
eTeamSponsor",2015-12-16 22:45:52,,
58,0.0,,1.0,,1512811149047959,Check out our new girls basketball Facebook page!!,https://facebook.com/story.php?story_fbid=1512811149047959&id=1484122521916822,Mogollon Mustangs Girls Basketball,0.0,"Check out our new girls basketball Facebook page!!

Mogollon Mustangs Girls Basketball",2015-12-16 18:27:12,,
59,1.0,,3.0,,1511888809140193,All schools will be on a 2 hour delay tomorrow 12/15.,https://facebook.com/story.php?story_fbid=1511888809140193&id=1484122521916822,,0.0,All schools will be on a 2 hour delay tomorrow 12/15.,2015-12-14 16:17:02,,
60,0.0,,0.0,,1509156359413438,"Boys and girls Mustang basketball takes on Round Valley tonight. JV girls start at 2:30, Boys JV 4:00, Girls Varsity 5:30 and boys Varsity 7:30.",https://facebook.com/story.php?story_fbid=1509156359413438&id=1484122521916822,,0.0,"Boys and girls Mustang basketball takes on Round Valley tonight. JV girls start at 2:30, Boys JV 4:00, Girls Varsity 5:30 and boys Varsity 7:30.",2015-12-08 11:22:42,,
61,0.0,https://scontent-atl3-1.xx.fbcdn.net/v/t1.0-9/fr/cp0/e15/q65/12308466_1508083156187425_5478676669717315425_n.jpg?_nc_cat=110&_nc_sid=2d5d41&_nc_ohc=6lucEGvyybkAX-AeLJx&_nc_ht=scontent-atl3-1.xx&tp=14&oh=d68f3bfd1d49b1d2584af73ab2423ff5&oe=5F83BFA9,13.0,,1508083156187425,Girls play for the #1 spot in their bracket today!!!!,,,0.0,Girls play for the #1 spot in their bracket today!!!!,2015-12-05 16:21:35,,
62,0.0,,1.0,,1506864276309313,Tonight varsity games will be broadcasted on 106.7!,https://facebook.com/story.php?story_fbid=1506864276309313&id=1484122521916822,,0.0,Tonight varsity games will be broadcasted on 106.7!,2015-12-02 19:31:46,,
63,0.0,,0.0,,1506522066343534,"Boys JV, Girls JV, and Girls Varsity Basketball pulled out big wins tonight against Joe City.

Tomorrow both boys and girls host show low. Girls JV starts at 2:30, boys JV at 4:00, girls varsity at 5:00, and boys varsity at 7:00.

Wrestlers will be at AZ college prep tomorrow. Kick some butt boys!",https://facebook.com/story.php?story_fbid=1506522066343534&id=1484122521916822,,0.0,"Boys JV, Girls JV, and Girls Varsity Basketball pulled out big wins tonight against Joe City.

Tomorrow both boys and girls host show low. Girls JV starts at 2:30, boys JV at 4:00, girls varsity at 5:00, and boys varsity at 7:00.

Wrestlers will be at AZ college prep tomorrow. Kick some butt boys!",2015-12-01 23:10:44,,
64,5.0,https://scontent-atl3-1.xx.fbcdn.net/v/t1.0-9/fr/cp0/e15/q65/12191026_1493629304299477_8103470993946609952_n.jpg?_nc_cat=104&_nc_sid=2d5d41&_nc_ohc=1Cf_d0_UOVgAX9HX1_h&_nc_ht=scontent-atl3-1.xx&tp=14&oh=d6a89b3aaa3a49a54a55a50fb8980dfb&oe=5F8340A6,21.0,,1493629304299477,The boys take on Valley Union tonight in the second round of the playoffs . Cheer our mustangs on and give them some words of encouragement for tonight. Let's get em' Boys!,,,0.0,The boys take on Valley Union tonight in the second round of the playoffs . Cheer our mustangs on and give them some words of encouragement for tonight. Let's get em' Boys!,2015-10-31 14:13:48,,
65,0.0,,0.0,,1493036481025426,"If you haven't already, Heber Overgaard Schools has an Instagram account. Follow us at Mogollon_Mustangs",https://facebook.com/story.php?story_fbid=1493036481025426&id=1484122521916822,,0.0,"If you haven't already, Heber Overgaard Schools has an Instagram account. Follow us at Mogollon_Mustangs",2015-10-29 23:55:14,,
66,3.0,,21.0,,1493027131026361,That's a wrap!!! The girls beat St. John's 3- Ohhhhhhhhhhhh!!!,,,4.0,That's a wrap!!! The girls beat St. John's 3- Ohhhhhhhhhhhh!!!,2015-10-29 23:22:35,https://video-atl3-1.xx.fbcdn.net/v/t42.1790-2/12201117_1493028067692934_2132019017_n.mp4?_nc_cat=101&_nc_sid=985c63&efg=eyJ2ZW5jb2RlX3RhZyI6InNkIn0%3D&_nc_ohc=Ma0h8FVqS2IAX_9avDi&_nc_ht=video-atl3-1.xx&oh=5bde1271a6a21a5a4217e390e634d64a&oe=5F5C7578,
67,0.0,,1.0,,1490461047949636,Tomorrow the Mustangs will host their first round playoff game against Williams. It'll be a black out so wear your black mustang gear! Tickets will be $8 for adults and $5 for kids. Kick off is at 6:00 PM.,https://facebook.com/story.php?story_fbid=1490461047949636&id=1484122521916822,,0.0,Tomorrow the Mustangs will host their first round playoff game against Williams. It'll be a black out so wear your black mustang gear! Tickets will be $8 for adults and $5 for kids. Kick off is at 6:00 PM.,2015-10-23 17:45:22,,
68,0.0,,1.0,,1489643828031358,Thank you so much to the donors that donated for Mr. Starkes class project. They reached their goal and will be receiving their Kindle Fires for their class. Thank you again. This community is AWESOME!,https://facebook.com/story.php?story_fbid=1489643828031358&id=1484122521916822,,0.0,Thank you so much to the donors that donated for Mr. Starkes class project. They reached their goal and will be receiving their Kindle Fires for their class. Thank you again. This community is AWESOME!,2015-10-21 15:40:43,,
69,0.0,https://scontent-atl3-1.xx.fbcdn.net/v/t1.0-9/fr/cp0/e15/q65/12118669_1489378411391233_3363287190337711600_n.jpg?_nc_cat=111&_nc_sid=43edb5&_nc_ohc=yXpL4Yx_Yc4AX_NrQkW&_nc_ht=scontent-atl3-1.xx&tp=14&oh=2321ff32ae2ed451d37469cfdcf3a082&oe=5F81AB09,8.0,,1489378411391233,Awesome job tonight at the concert tonight kids!,,,0.0,Awesome job tonight at the concert tonight kids!,2015-10-20 23:28:05,,
70,0.0,,1.0,,1489335928062148,"It's a busy night tonight for h/o schools.

Tonight is seniors night for the Girls Volley Ball team at 6:00pm.

At 7:30 is the orchestra concert at the PAC at Capps middle school.",https://facebook.com/story.php?story_fbid=1489335928062148&id=1484122521916822,,0.0,"It's a busy night tonight for h/o schools.

Tonight is seniors night for the Girls Volley Ball team at 6:00pm.

At 7:30 is the orchestra concert at the PAC at Capps middle school.",2015-10-20 19:56:30,,
71,0.0,,2.0,,1488116794850728,Girls Varsity volleyball beat Miami on Thursday 3 games to OHHHH!!!! Way to go girls!,https://facebook.com/story.php?story_fbid=1488116794850728&id=1484122521916822,,0.0,Girls Varsity volleyball beat Miami on Thursday 3 games to OHHHH!!!! Way to go girls!,2015-10-17 14:14:12,,
72,0.0,,3.0,,1488113724851035,Boys varsity football laid the smack down on Mayer last night. 48-14! Mustangs are sections champs and will be hosting their first round play off game on Saturday October 24th at 6:00 PM. We're still waiting on word on who they will be facing.,https://facebook.com/story.php?story_fbid=1488113724851035&id=1484122521916822,,0.0,Boys varsity football laid the smack down on Mayer last night. 48-14! Mustangs are sections champs and will be hosting their first round play off game on Saturday October 24th at 6:00 PM. We're still waiting on word on who they will be facing.,2015-10-17 13:58:56,,
73,1.0,,0.0,http://www.donorschoose.org/project/technology-in-the-classroom/1739880/?rf=email-system-2015-10-proposal_approve-teacher_3204955&challengeid=20666567&utm_source=dc&utm_medium=email&utm_campaign=proposal_approve&utm_swu=4258,1487068448288896,Hey Mustangs we are trying to raise money for 18 tablets for our 6th grade class. Check it out!,https://facebook.com/story.php?story_fbid=1487068448288896&id=1484122521916822,"DONORSCHOOSE.ORG
Technology in the Classroom!, a project from Mr. Starkes",0.0,"Hey Mustangs we are trying to raise money for 18 tablets for our 6th grade class. Check it out!

DONORSCHOOSE.ORG
Technology in the Classroom!, a project from Mr. Starkes",2015-10-14 19:40:25,,
74,0.0,,6.0,,1485159365146471,Boys pulled out the big win 57-15 over Joe City!,https://facebook.com/story.php?story_fbid=1485159365146471&id=1484122521916822,,0.0,Boys pulled out the big win 57-15 over Joe City!,2015-10-10 00:35:21,,
75,2.0,,0.0,,1485086885153719,Alright ladies and gents! Tonight's a huge rivalry game away against Joe City! Kick off is at 7:00 PM tonight!,https://facebook.com/story.php?story_fbid=1485086885153719&id=1484122521916822,,0.0,Alright ladies and gents! Tonight's a huge rivalry game away against Joe City! Kick off is at 7:00 PM tonight!,2015-10-09 19:31:40,,
76,0.0,,1.0,,1484500525212355,Hey mustang fans. Come check out the girls varsity volleyball team tonight as they take on the San Carlos Braves @ 6pm tonight!,https://facebook.com/story.php?story_fbid=1484500525212355&id=1484122521916822,,0.0,Hey mustang fans. Come check out the girls varsity volleyball team tonight as they take on the San Carlos Braves @ 6pm tonight!,2015-10-08 20:00:10,,
77,0.0,https://scontent-atl3-1.xx.fbcdn.net/v/t31.0-8/fr/cp0/e15/q65/12120108_1484124131916661_1884432051711885265_o.jpg?_nc_cat=109&_nc_sid=dd9801&_nc_ohc=9JLayqXSbCkAX-LRbo-&_nc_ht=scontent-atl3-1.xx&tp=14&oh=7c4874c45cede801f2bba5892977e746&oe=5F8033DB,4.0,,1484124185249989,,,,0.0,,2015-10-07 22:41:18,,
78,0.0,https://scontent-atl3-1.xx.fbcdn.net/v/t1.0-9/fr/cp0/e15/q65/12140566_1484122568583484_6574954260056573778_n.jpg?_nc_cat=104&_nc_sid=85a577&_nc_ohc=KZf4wAl0bTEAX_PASZD&_nc_ht=scontent-atl3-1.xx&tp=14&oh=e564306349ea7dc75c62e1f09b959d57&oe=5F81572D,0.0,,1484122588583482,,,,0.0,,2015-10-07 22:32:11,,
